classification,trades,win_rate,total_volume,avg_pnl
Extreme Fear,67,0.0,213184.14127999998,0.0
Extreme Greed,678,0.22123893805309736,4299319.148577338,-113.06139107522125
Fear,2603,0.4352669996158279,39578036.02076365,477.3476802424126
Greed,1391,0.38102084831056793,19673035.14408385,14.377991514018692
Neutral,80,0.4875,876754.3640017512,171.2171090125
